Step,Time_sec
QC metrics,1.740919828414917
Filter by QC,0.34070706367492676
Normalize,4.5097737312316895
Log1p,0.36342644691467285
HVG,3.3421175479888916
Scaling,0.1111443042755127
PCA,4.871067047119141
Embedding extraction,0.00011444091796875
Variance explained,0.00010776519775390625
Loadings extraction,9.250640869140625e-05
Top gene extraction,0.005630016326904297
Neighbors,28.386075973510742
Clustering,2.162940502166748
UMAP,7.218417167663574
