Step,Time_sec
QC metrics,25.286254167556763
Filter by QC,0.26139140129089355
Normalize,4.5614471435546875
Log1p,0.15066242218017578
HVG,2.0044660568237305
Scaling,0.10351181030273438
PCA,2.4075443744659424
Embedding extraction,0.00015878677368164062
Variance explained,4.57763671875e-05
Loadings extraction,0.00021600723266601562
Top gene extraction,0.0057299137115478516
Neighbors,17.009154319763184
Clustering,0.33809328079223633
UMAP,7.556932687759399
