Step,Time_sec
QC metrics,21.998534679412842
Filter by QC,0.3215610980987549
Normalize,3.5135178565979004
Log1p,0.3449091911315918
HVG,3.2559447288513184
Scaling,0.8873777389526367
PCA,3.065270185470581
Embedding extraction,0.00013875961303710938
Variance explained,6.699562072753906e-05
Loadings extraction,8.96453857421875e-05
Top gene extraction,0.004623889923095703
Neighbors,41.415934801101685
Clustering,2.1912567615509033
UMAP,7.052520990371704
