Gene,Loading
Lcp1,0.056788850585650086
Tyrobp,0.05666616517770534
Nedd4,0.05660533295848787
Fcer1g,0.056208112100110834
Ptprc,0.05616094129664388
Cd53,0.05611254881934841
Sparc,0.05480552268327082
Fstl1,0.0547899567108177
Serping1,0.0547049236646938
Serpinh1,0.054674793050076234
