Gene,Loading
Sparc,0.06684790864772873
Cd52,0.06382123758027465
Alcam,0.061649780465572714
Col1a2,0.061147265907765785
Mast4,0.06037055073699027
Col3a1,0.060201138022924795
Rhoj,0.060169361436308286
Plek,0.05986775666933307
Plpp3,0.059500815297570155
Col1a1,0.0592015110525849
