Gene,Loading
Cdh5,0.09036698798577122
Ptprb,0.08873987633263637
Pecam1,0.08807810712447499
Egfl7,0.08794260619849593
Cyyr1,0.08577816689201667
Adgrf5,0.08456708609510119
Shank3,0.08453218509747766
Esam,0.08448265006713279
Mmrn2,0.08381960910137745
Tie1,0.08371033137289301
