Gene,Loading
Cdh5,0.09036698794699341
Ptprb,0.08873987632743761
Pecam1,0.08807810712859383
Egfl7,0.08794260624836718
Cyyr1,0.08577816696473552
Adgrf5,0.08456708605853439
Shank3,0.08453218507029055
Esam,0.08448265003848748
Mmrn2,0.08381960908052055
Tie1,0.0837103313116816
