Step,Time_sec
QC metrics,1.7705934047698975
Filter by n_genes,0.4447357654571533
Normalize,4.66578221321106
Log1p,0.21541070938110352
HVG,2.146038770675659
Scaling,0.21422314643859863
PCA,4.34610915184021
Embedding extraction,7.772445678710938e-05
Variance explained,3.933906555175781e-05
Loadings extraction,5.4836273193359375e-05
Top gene extraction,0.00527191162109375
Neighbors,50.173898458480835
Clustering,1.14463472366333
UMAP,13.94426417350769
