Step,Time_sec
QC metrics,26.306625604629517
Filter by n_genes,0.9314730167388916
Normalize,10.433123111724854
Log1p,1.1833055019378662
HVG,7.411340236663818
Scaling,1.0136678218841553
PCA,6.62945032119751
Embedding extraction,0.000186920166015625
Variance explained,6.413459777832031e-05
Loadings extraction,0.00013256072998046875
Top gene extraction,0.0052945613861083984
Neighbors,93.43274164199829
Clustering,6.790722370147705
UMAP,21.437841176986694
