Step,Time_sec
QC metrics,2.112241268157959
Filter by n_genes,0.6469306945800781
Normalize,0.9406788349151611
Log1p,0.48992276191711426
HVG,0.9840121269226074
Scaling,0.3432126045227051
PCA,11.433671951293945
Embedding extraction,0.0002942085266113281
Embedding extraction,0.0001983642578125
Variance explained,0.000110626220703125
Loadings extraction,0.00015664100646972656
Top gene extraction,0.011162042617797852
Neighbors,112.9182493686676
Clustering,3.748138189315796
UMAP,16.988059520721436
