Gene,Loading
Gsr,0.07301429472738932
Aff3,0.07228771210589885
S100a11,0.0715767862158559
Bach2,0.0715401810260046
Pkig,0.06923856257194443
Ebf1,0.068608008676614
Blnk,0.06831608150754276
Cd79b,0.06809253026830042
Tcf12,0.06768488795605902
Cd79a,0.06764271040881845
