Gene,Loading
Ahnak,0.1104576810642881
Ccr2,0.10643954094846245
S100a4,0.10486583809825832
Nr4a2,0.10247393328444629
Ms4a6c,0.10154160316929149
Pid1,0.0971319247001481
Ms4a6b,0.09524853033977251
Slc8a1,0.0950123634346165
Itgb7,0.09459266315178476
Ctss,0.09401396972396782
