Gene,Loading
Gsr,0.07301429473583575
Aff3,0.07228771211318925
S100a11,0.07157678619047579
Bach2,0.07154018103224265
Pkig,0.069238562577975
Ebf1,0.06860800867775764
Blnk,0.06831608150924989
Cd79b,0.06809253029059424
Tcf12,0.06768488799716844
Cd79a,0.06764271040247218
