Gene,Loading
Ahnak,0.11045768116787023
Ccr2,0.10643954092967302
S100a4,0.10486583808222706
Nr4a2,0.10247393334064558
Ms4a6c,0.10154160316976946
Pid1,0.0971319246831927
Ms4a6b,0.09524853042538785
Slc8a1,0.09501236334400498
Itgb7,0.09459266323701339
Ctss,0.09401396974478217
