"Gene","Loading"
"Sparc",0.0657997938102624
"Cd52",0.0623477919865652
"Fbn1",0.062226813713572
"Col1a2",0.0609599104135446
"Srgn",0.0608433352312116
"Alcam",0.0603667624312793
"Col3a1",0.0600728713783738
"Egfr",0.0591437658782797
"Col1a1",0.0590019849116175
"Aebp1",0.0588492359670679
