"Gene","Loading"
"Cdh5",0.0866313091865471
"Ptprb",0.0850374400834934
"Pecam1",0.084408864756167
"Egfl7",0.0843841226262055
"Cyyr1",0.0822941566311491
"Shank3",0.0811693806462715
"Esam",0.08096018834542
"Adgrf5",0.0807906528343259
"Tie1",0.0805653008445087
"Mmrn2",0.0804993687633524
