Step,Time_sec
QC metrics,21.649475574493408
Filter by n_genes,0.09480142593383789
Normalize,3.5246591567993164
Log1p,0.17367792129516602
HVG,3.14945912361145
Scaling,1.7411446571350098
PCA,3.059192180633545
Embedding extraction,0.00045180320739746094
Variance explained,5.984306335449219e-05
Loadings extraction,0.00011992454528808594
Top gene extraction,0.0048828125
Neighbors,45.70201134681702
Clustering,1.5218582153320312
UMAP,7.769675016403198
