Step,Time_sec
QC metrics,27.5476131439209
Filter by n_genes,0.12003374099731445
Normalize,4.1492369174957275
Log1p,0.1927475929260254
HVG,4.598067760467529
Scaling,1.0605831146240234
PCA,3.0156686305999756
Embedding extraction,0.0007941722869873047
Variance explained,7.081031799316406e-05
Loadings extraction,9.489059448242188e-05
Top gene extraction,0.00621485710144043
Neighbors,44.78265905380249
Clustering,1.328608751296997
UMAP,8.343932628631592
