Gene,Loading
Fcer1g,0.06810703623881414
Tyrobp,0.06793438303836263
Sparc,0.06781875413854332
Serpinh1,0.06525434580567976
Cd81,0.06475963396387231
Ctss,0.0633278310240564
Cotl1,0.06306925453754092
Lyz2,0.06304266351261349
Prkcdbp,0.06303479288078337
Alox5ap,0.0617303735097427
