Gene,Loading
Fcer1g,0.06810703622609908
Tyrobp,0.06793438303584927
Sparc,0.06781875411045891
Serpinh1,0.06525434579053664
Cd81,0.06475963391682779
Ctss,0.06332783097320736
Cotl1,0.06306925448442709
Lyz2,0.06304266352550796
Prkcdbp,0.06303479289190836
Alox5ap,0.061730373516083466
