Gene,Loading
Dcn,0.0841231681326751
Serpinf1,0.0825862428002275
Col1a2,0.08078889615792982
Col1a1,0.07752050759373422
Gsn,0.07742530213429899
Prg4,0.07560937370780045
Col3a1,0.0746037788141252
Loxl1,0.07322839830163931
Bgn,0.07314414436744399
Cdh5,0.0721375967904697
