"Gene","Loading"
"Sparc",0.0684573467287005
"Serpinh1",0.0675842227253433
"Prkcdbp",0.0635799889739202
"Cd81",0.063297807492502
"Lyz2",0.0627703652279436
"S100a16",0.0613763866722785
"Cald1",0.0598146262904029
"Lgals3",0.0597484681193443
"Ccl9",0.0592146388201158
"Nedd4",0.0584860631554775
