"Gene","Loading"
"Cdh5",0.0738219855814859
"Egfl7",0.0724718155517018
"Pecam1",0.0721600832358986
"Esam",0.071519598602419
"Fabp4",0.0704967149776629
"Ctla2a",0.0687835874021477
"Dcn",0.0681028117761465
"Serpinf1",0.0669711972918262
"Flt1",0.0663729666120527
"Gsn",0.0662065964160486
