Step,Time_sec
QC metrics,0.7593321800231934
Filter by n_genes,0.10653471946716309
Normalize,4.49041748046875
Log1p,0.10406255722045898
HVG,1.7093374729156494
Scaling,0.19008994102478027
PCA,2.660728693008423
Embedding extraction,9.584426879882812e-05
Variance explained,6.961822509765625e-05
Loadings extraction,9.632110595703125e-05
Top gene extraction,0.005550861358642578
Neighbors,27.476397037506104
Clustering,0.8710546493530273
UMAP,8.63216495513916
