"Gene","Loading"
"Ptma",0.0811176205503191
"Hmgb1",0.073042280341621
"Ppia",0.0712184812440663
"Pkig",0.0691703054813695
"Npm1",0.0689456091107537
"Aff3",0.0686638597898422
"Snrpg",0.0683816869982196
"Tubb5",0.0680478174733371
"Gm47283",0.0673691100535702
"Smarca4",0.0672117796537229
