"Gene","Loading"
"Ahnak",0.0863383430599198
"Fn1",0.083326565126961
"S100a4",0.0821568265950128
"Ccr2",0.0812372120044677
"Plcb1",0.0804896486259156
"Ms4a6c",0.0796164723730472
"Pid1",0.0792600879854069
"Nr4a2",0.0775384621734404
"Lrp1",0.0763974480933478
"F13a1",0.0747588184935451
